76,2020,Advertising, MS
85,2016,Legal Department, MS
79,2023, , BS
89,2014,Legal Department, 
99,2023,Accounting, BS
100,2017, Liberal Arts, MS
55,2023,Tech Support, 
60,2021,Quality Assurance,BA
95,2018,Legal Department, 
61,2018,Public Relations, MS
67,2020,Advertising,BA
59,2018, Political Science, MS
80,2021,Human Resources,BA
69,2014,Human Resources, BS
50,2024, Computer Science, 
90,2023,Finances, BS
80,2021,Payroll, 
93,2018,Sales and Marketing, BS
81,2022,Human Resources,BA
75,2021, Math, 
61,2017, Math,BA
76,2016,Advertising, BS
64,2020, English,BA
98,2022,Payroll, BS
89,2020,Quality Assurance, MS
70,2022,Advertising, MS
71,2020,Advertising,BA
82,2023,Asset Management, BS
80,2019,Human Resources,BA
56,2015,Human Resources, 
86,2023,Sales and Marketing,BA
68,2016,Customer Service, 
98,2016,Quality Assurance, MS
50,2017,Sales and Marketing, BS
64,2016, Political Science,BA
67,2021,Human Resources, 
54,2014,Human Resources, BS
72,2021, Computer Science, MS
74,2017, , MS
70,2016, Computer Science, BS
52,2014, Political Science, MS
69,2015, English, 
100,2021,Tech Support, BS
59,2017, Computer Science,BA
51,2019,Human Resources, 
72,2020, Computer Science,BA
92,2016,Tech Support, BS
91,2020, Math,BA
60,2023,Payroll, MS
61,2019,Advertising, MS
83,2015, Computer Science, MS
80,2015, English, BS
66,2015,Tech Support,BA
79,2015,Customer Relations, 
55,2018, Math, BS
87,2014,Public Relations, MS
81,2023, English, BS
95,2021,Human Resources, BS
59,2020,Finances, 
95,2020,Finances, BS
69,2022,Advertising, 
90,2019,Quality Assurance,BA
83,2022, Liberal Arts, BS
74,2019, Computer Science, BS
76,2021,Customer Service, 
86,2024,Customer Relations, 
51,2017,Finances, MS
73,2018,Payroll, BS
63,2018,Tech Support, BS
99,2023, Computer Science,BA
53,2014,Quality Assurance, BS
78,2014, English, BS
54,2016,Customer Relations, BS
91,2021,Human Resources, 
84,2015, Political Science, BS
89,2020,Public Relations, MS
87,2015,Human Resources, BS
85,2024,Customer Service, BS
96,2022,Public Relations, MS
70,2024,Human Resources, MS
69,2023,Accounting, 
95,2024, ,BA
94,2015,Customer Relations, MS
87,2024, , MS
100,2020,Customer Service,BA
100,2016, Computer Science,BA
88,2016,Sales and Marketing,BA
61,2022,Advertising, 
55,2019,Payroll,BA
69,2018,Customer Relations, 
95,2024,Sales and Marketing,BA
92,2024,Advertising, MS
74,2020,Sales and Marketing,BA
56,2014,Accounting,BA
85,2017,Media Relations, 
98,2015,Sales and Marketing, 
50,2024,Sales and Marketing, 
72,2024,Research and Development, MS
100,2021, , BS
78,2024,Human Resources, BS
