facultyid,phonenumber,title,degreecollege,fullname,email,fulladdress ,orderid,LocationData_fulladdres
16060230 7985,1-654-911-4951,Mrs.,Payroll,Judah Reilly,pede.Suspendisse@Mauris.net,Duis.elementum@gravida.org,864 Malesuada Street,"P.O. Box 800, 4320 In Av."
16790823 1264,1-894-197-6810,Ms.,Legal Department,Harper Calderon,Nam.ac.nulla@ut.com,sagittis.placerat@nibhdolor.co.uk,Ap #403-7314 Eget Av.,505-1798 Ut Av.
16360530 3399,1-448-105-1755,Mrs.,Asset Management,Merrill Baird,Integer@ligula.net,Aliquam@elitpellentesquea.edu,497-6289 Semper Avenue,Ap #397-5702 Justo St.
16600320 9886,1-904-540-0074,Mrs.,Quality Assurance,Jordan Obrien,orci.lobortis.augue@nulla.net,porttitor.scelerisque.neque@mitemporlorem.ca,"398-473 Risus, St.",886-8224 Nunc Rd.
16130902 9559,1-146-822-3855,Mrs.,Sales and Marketing,Prescott Mccall,mauris.eu.elit@rutrumFuscedolor.com,Aliquam@felisullamcorper.edu,325-4181 Enim. Road,6313 Pellentesque Road
16731205 2223,1-583-211-8285,,Payroll,Lev Richmond,rhoncus.id@risusDuis.co.uk,risus@Donec.com,1902 Ut Street,Ap #486-8638 Felis Rd.
16061229 1856,1-976-442-3572,Ms.,Finances,Keefe Frye,Proin.ultrices@pretium.edu,et.commodo@Donec.co.uk,611-868 Malesuada Rd.,3614 Turpis St.
16720611 5987,1-666-442-4306,Ms.,Customer Service,Brenden Gutierrez,vestibulum@egestas.edu,a.malesuada.id@ut.org,"200-1557 Dolor, Street","P.O. Box 205, 4606 Posuere, St."
16081029 6723,1-287-338-9546,Mrs.,Payroll,Timon Clements,rutrum.urna.nec@loremauctor.co.uk,quam.Curabitur@Etiamimperdietdictum.co.uk,4112 Massa Rd.,630-2930 Nascetur St.
16341123 3822,1-795-770-8147,Ms.,Quality Assurance,Colt Galloway,Nunc.mauris.elit@Donec.edu,nisi@tempus.com,492-2960 Ipsum Road,"P.O. Box 739, 6458 Quam. Street"
16440510 0514,1-414-947-5358,Mrs.,Customer Service,Christian Wong,sapien@elitNulla.net,natoque.penatibus@nunc.edu,9732 Vestibulum Ave,Ap #662-8068 Nunc Av.
16760909 9689,1-373-333-3843,Mrs.,Asset Management,Walter Osborn,Nam@nec.ca,facilisis.magna@Integermollis.co.uk,288-4702 Sed St.,4608 Vitae Avenue
16470921 6560,1-386-636-0435,Mr.,Accounting,Brennan Maynard,feugiat@quisurnaNunc.org,nec.leo@tristique.ca,"P.O. Box 525, 8436 Elementum, St.",Ap #926-7383 Auctor. Rd.
16201114 2334,1-805-859-6766,Dr.,Payroll,Myles Wise,egestas.Sed@vel.ca,leo.Vivamus.nibh@feugiat.edu,"P.O. Box 705, 6989 Penatibus St.",8429 Vitae Rd.
16381110 2296,1-371-570-9867,Mrs.,Finances,Thane Hewitt,nec.tempus.mauris@nec.edu,lacinia@CuraePhasellusornare.net,Ap #892-8827 Libero Street,"P.O. Box 223, 363 Blandit Rd."
16440416 3554,1-791-225-3959,Mrs.,Customer Relations,Macon Townsend,elit.elit.fermentum@eleifendnondapibus.org,est.arcu.ac@temporerat.org,"650-1458 Mi, Street",Ap #640-7220 Cursus Avenue
16201206 6573,1-567-727-4034,Mrs.,Accounting,William Rivas,magna.a@sed.org,ac.tellus.Suspendisse@sitametconsectetuer.org,Ap #494-4260 Quisque Ave,"P.O. Box 818, 4789 Vestibulum Road"
16680611 1594,1-370-451-1853,,Asset Management,Lev Romero,dui@temporloremeget.co.uk,dapibus@tinciduntpedeac.co.uk,Ap #504-2913 Sit Road,614-2411 At Road
16670807 6846,1-981-628-6814,Dr.,Legal Department,George Aguirre,felis.eget.varius@vitae.edu,augue.eu@diam.net,4015 Vel Street,7725 Interdum Rd.
16941203 5918,1-396-654-7835,Ms.,Payroll,Leroy Brennan,et@velit.com,lectus@dictum.co.uk,180 Curabitur Street,"P.O. Box 541, 5083 Ullamcorper, St."
16060118 2165,1-714-580-6866,Mrs.,Payroll,Josiah Pugh,Phasellus@luctusfelispurus.edu,facilisi.Sed.neque@in.co.uk,1454 Velit Rd.,5994 Dui. St.
16081110 7085,1-406-679-2066,,Accounting,Chester Malone,dapibus.rutrum@libero.org,tempus.eu@interdum.org,643-3471 Aliquam Rd.,"3532 Cursus, St."
16520413 4372,1-481-811-3133,Mr.,Media Relations,Flynn Valencia,nec.mauris@ametfaucibusut.com,rutrum.urna.nec@volutpatNulladignissim.com,Ap #778-670 Luctus Ave,Ap #592-8230 Faucibus St.
16570227 7178,1-595-273-4391,Dr.,Accounting,Arthur Reese,euismod.enim.Etiam@est.net,pharetra.felis@uterosnon.net,464-7202 Interdum. Road,9898 Sed Road
16461115 7043,1-166-100-8805,Mr.,Accounting,Noah Bradford,Cras.sed.leo@imperdietnecleo.ca,velit@convallisligulaDonec.net,"P.O. Box 760, 1705 Ornare, St.",806-2255 Dignissim St.
16630109 0293,1-207-368-5742,Mr.,Quality Assurance,Elvis Jackson,nonummy@nunc.org,Curae.Donec.tincidunt@hendrerit.com,"P.O. Box 188, 1194 Lacus. Street","P.O. Box 849, 9048 Ac St."
16410427 8975,1-347-250-9917,Mr.,Human Resources,Oleg Banks,non@rutrumlorem.org,Duis.mi.enim@incursuset.edu,"P.O. Box 411, 3209 Vivamus Av.",8561 Ad Street
16710816 2517,1-362-648-5594,,Research and Development,Scott Norris,iaculis.lacus@musAeneaneget.co.uk,dui@iaculisquis.org,"P.O. Box 793, 6175 Semper Rd.",1889 Nec Rd.
16380519 8854,1-357-855-9649,,Customer Service,Grant Gibbs,neque.venenatis.lacus@nuncsedlibero.net,ante.bibendum.ullamcorper@Nam.org,5050 Et St.,Ap #922-1591 Arcu Ave
16930515 4529,1-851-853-9680,Ms.,Payroll,Otto Buchanan,arcu.Vestibulum.ante@dignissim.com,Suspendisse@semper.edu,"2926 Suscipit, St.",Ap #862-1108 Semper Ave
16851014 4895,1-424-438-9111,Dr.,Customer Relations,Fritz Molina,aliquet@aauctornon.edu,vitae@lobortisnisi.org,"6941 Non, St.",432 Eu St.
16410917 0789,1-170-558-5019,Mrs.,Public Relations,Kieran Harper,sapien@tellus.org,vel.pede.blandit@infaucibusorci.net,657-4025 Ut Road,"P.O. Box 509, 7709 Nostra, St."
16140119 6918,1-140-413-5324,Mrs.,Asset Management,Rafael Hess,Suspendisse@sedpede.ca,a.magna.Lorem@neque.org,293-7670 Massa. Rd.,496-3979 Aliquet Avenue
16990707 2020,1-311-145-6521,Mrs.,Legal Department,Gavin Burks,ornare@dolorelitpellentesque.org,enim@interdum.com,"674-7060 Suscipit, Avenue",7076 Pellentesque Av.
16920501 8923,1-423-828-0758,Dr.,Accounting,Jerry Wagner,tempor.lorem.eget@magna.net,tempor.diam@Praesentluctus.com,"879-2746 Laoreet, St.",2757 Lobortis St.
16380427 4805,1-154-474-4843,Mrs.,Research and Development,Curran Morales,vehicula@molestiedapibusligula.edu,id.libero@malesuadamalesuada.edu,"P.O. Box 523, 7760 Eu St.",1807 Dapibus Rd.
16971019 9234,1-482-828-6604,Mr.,Legal Department,Dylan Blake,id.enim.Curabitur@Cras.co.uk,suscipit.est.ac@Crasdolor.org,Ap #436-3680 Dictum St.,Ap #216-8090 Sit St.
16921108 0354,1-267-913-5742,Dr.,Research and Development,Kareem Herman,nonummy.ipsum.non@placerat.ca,eget@Fuscedolor.co.uk,910-6099 Interdum. Road,Ap #724-137 Ultricies St.
16561019 9050,1-135-108-5971,Mrs.,Research and Development,Kenneth Hopkins,nibh@Proinsedturpis.net,sit.amet.massa@hendrerit.co.uk,1983 Orci Rd.,6194 Diam. St.
16540623 8849,1-828-417-7105,Mrs.,Quality Assurance,Wing Erickson,elit.Curabitur.sed@cursuspurusNullam.co.uk,orci.quis.lectus@velconvallisin.co.uk,Ap #890-8402 Ac St.,"P.O. Box 773, 9198 Scelerisque Av."
16860521 3647,1-146-251-1115,Ms.,Media Relations,Rafael Quinn,pede.ac.urna@consectetuer.com,cursus.non@maurisSuspendisse.com,311-3650 Amet Road,669-7048 At St.
16440914 9251,1-803-941-0209,Mrs.,Public Relations,Oscar Young,sapien.Nunc.pulvinar@odio.ca,ultricies.dignissim.lacus@tortor.org,5965 Enim Road,"P.O. Box 576, 8579 Quis, St."
16180526 6267,1-491-328-0527,Mr.,Sales and Marketing,Nolan Burton,pede@sedsemegestas.net,turpis.Nulla@antebibendum.edu,"P.O. Box 769, 8395 Eu, Rd.","P.O. Box 114, 472 Euismod Street"
16390905 9234,1-106-148-5534,Mr.,Sales and Marketing,Alfonso Singleton,Phasellus@orci.co.uk,vitae@magna.net,346-3721 Lacus. Road,"P.O. Box 589, 8319 Non, Ave"
16760703 3144,1-918-352-1469,Mrs.,Advertising,Jasper Kerr,ut.odio.vel@velitjustonec.net,semper.cursus.Integer@erat.ca,302 Nascetur St.,"P.O. Box 501, 176 Cursus Avenue"
16860624 5457,1-757-765-8848,Mr.,Payroll,Judah Morales,Phasellus.libero@ridiculusmusDonec.org,Nulla.facilisis@necante.edu,"P.O. Box 368, 5837 Non Av.","P.O. Box 288, 1724 Neque Street"
16441028 3867,1-316-347-5805,Mrs.,Research and Development,Maxwell Poole,erat.Vivamus.nisi@idsapienCras.co.uk,sit.amet@per.net,"P.O. Box 795, 4707 Auctor, Road",Ap #546-1727 Ac St.
16791204 7250,1-900-534-9042,Mrs.,Payroll,Raja Mcgee,id.risus@magnaet.com,a.magna.Lorem@morbi.ca,"P.O. Box 147, 9438 Odio Street","P.O. Box 396, 3224 Eu, Road"
16961219 8110,1-535-313-7395,Mrs.,Sales and Marketing,Neville Robertson,venenatis.vel.faucibus@Fuscealiquamenim.co.uk,sit.amet.consectetuer@vitaedolorDonec.edu,"P.O. Box 437, 309 Scelerisque St.",9727 Morbi Rd.
16600503 7442,1-830-392-3664,Mr.,Tech Support,Oscar Randall,lobortis@massa.org,sollicitudin.commodo.ipsum@ametconsectetuer.co.uk,9470 Ante. Rd.,Ap #678-4965 Nibh. Av.
16560815 4448,1-914-474-4541,Mr.,Finances,Uriah Walton,eu@lobortismaurisSuspendisse.co.uk,a@enimnec.net,"P.O. Box 527, 8748 Phasellus Road",Ap #671-9921 Aenean Avenue
16620413 9205,1-962-620-5601,Mr.,Quality Assurance,Colorado Carney,enim.Mauris@diamProin.org,tellus.faucibus.leo@maurisrhoncusid.edu,Ap #291-9823 Ornare. Road,226-335 A Rd.
16490815 3820,1-796-735-2116,Mr.,Quality Assurance,Rahim Munoz,laoreet@infelisNulla.org,Nulla@purusac.org,Ap #714-1683 Donec Street,Ap #733-1582 Orci. Avenue
16961125 3841,1-705-782-9678,,Sales and Marketing,Clinton Glenn,Donec.nibh.enim@pedeblanditcongue.co.uk,mi.enim@Phasellusin.co.uk,172-9367 Curabitur Av.,"Ap #315-953 At, St."
16471108 8858,1-352-170-2145,,Human Resources,Jared Bolton,nascetur@Naminterdum.com,iaculis@lectus.net,"P.O. Box 573, 3078 Mus. Street",424-1809 Facilisis Rd.
16120410 4341,1-301-893-6516,Mrs.,Research and Development,Jameson Stokes,orci.luctus.et@Integervulputate.co.uk,massa@semperpretium.net,950-7686 Euismod St.,706-9222 Dui St.
16550509 0604,1-641-112-5634,,Human Resources,Austin Gentry,Phasellus.elit.pede@etpede.net,diam.Sed.diam@necluctusfelis.org,"P.O. Box 788, 3500 Urna Avenue","P.O. Box 427, 1163 Malesuada Street"
16900305 6364,1-147-735-1894,Dr.,Public Relations,Preston Hansen,aliquam@tincidunt.co.uk,adipiscing.fringilla.porttitor@sed.edu,"P.O. Box 931, 9681 Luctus Road","P.O. Box 953, 8862 Suspendisse Street"
16740201 7326,1-992-878-2051,Ms.,Tech Support,Zahir Larson,porttitor.vulputate@egestasAliquamnec.ca,enim.mi@rutrumloremac.co.uk,6582 Curabitur St.,Ap #318-8541 Laoreet St.
16930619 8673,1-140-463-5399,,Payroll,Gareth Jenkins,tincidunt.pede.ac@sedleoCras.co.uk,montes.nascetur.ridiculus@Quisquetincidunt.co.uk,Ap #391-7953 Dictum Ave,191-6529 Tincidunt. Road
16250115 5580,1-103-888-9428,Mr.,Research and Development,Griffith Patterson,cursus@nullamagna.ca,dapibus.rutrum@bibendumfermentummetus.net,3143 Nisl. Rd.,2110 Tellus Street
16471203 7508,1-251-814-7514,Mr.,Sales and Marketing,Brett Chavez,dis.parturient@sapiengravida.org,ac@dignissimMaecenas.ca,8591 Feugiat St.,"P.O. Box 141, 9437 Tristique Rd."
16541201 6924,1-603-189-0590,Ms.,Asset Management,Alfonso Trujillo,Aenean.egestas@pellentesque.co.uk,Fusce.feugiat@ipsumdolorsit.com,9739 Diam Ave,920-6204 Lorem. Av.
16600825 2543,1-768-282-0861,Mr.,Asset Management,Geoffrey Guerra,ullamcorper.nisl.arcu@enimcondimentum.ca,a.scelerisque@fringilla.org,"7129 Vel, St.","5938 Posuere, Rd."
16351119 7869,1-482-986-1792,Mrs.,Asset Management,Clinton Stein,massa@ipsum.net,Nam.porttitor.scelerisque@sedlibero.com,869-6750 Eros. St.,Ap #915-8708 Lacus. Ave
16840213 5241,1-464-918-1416,,Accounting,Adam Duffy,dolor.tempus.non@magnaPraesent.com,lorem.ac.risus@velnisl.ca,"P.O. Box 490, 250 Enim. Road","Ap #577-1098 Vulputate, St."
16620907 1916,1-803-789-3560,Mrs.,Quality Assurance,Declan Mcintyre,montes.nascetur@Cumsociis.ca,Suspendisse.eleifend@ligulaNullam.net,5222 Nunc Ave,Ap #501-1235 Mi Street
16800918 0756,1-782-650-5871,Ms.,Tech Support,Fitzgerald Carey,dui@SedmolestieSed.co.uk,neque@luctusfelis.org,"P.O. Box 572, 2657 Fusce Av.",7450 Erat Ave
16181001 6673,1-348-868-1607,Ms.,Payroll,Lucian Branch,sem@urna.net,sagittis.augue.eu@gravidasitamet.co.uk,8981 Tristique Ave,651-1262 Iaculis Rd.
16770523 8017,1-836-983-1266,Mr.,Tech Support,Ryan Beck,luctus.Curabitur@arcu.ca,cursus.Nunc.mauris@parturientmontesnascetur.co.uk,Ap #964-9179 Auctor St.,"P.O. Box 637, 785 Sed St."
16410524 6807,1-828-725-9066,Mrs.,Human Resources,Orlando Pierce,at@sed.co.uk,tempor@Integermollis.edu,399-5280 Interdum. St.,103-3856 Eu Rd.
16460627 3177,1-715-315-2891,Ms.,Accounting,Vernon Ryan,ac.feugiat@nullavulputate.co.uk,Aliquam.rutrum@eros.edu,293 Nunc Rd.,3801 Commodo St.
16780512 3309,1-314-935-7476,,Payroll,Drake Hickman,Sed.eget@consequat.ca,In.faucibus@ornare.edu,970-1837 In Rd.,"849-1941 Imperdiet, Road"
16061027 0977,1-254-716-5505,Ms.,Research and Development,Emmanuel Alston,vitae@Cumsociis.org,In.at@ultricies.org,1257 Auctor Road,"P.O. Box 511, 9183 Eu, Rd."
16500620 4464,1-423-633-8455,Dr.,Tech Support,Geoffrey Delaney,Integer.vitae.nibh@Class.ca,dolor.nonummy.ac@Vivamus.co.uk,Ap #987-7713 Mi Av.,3076 Sagittis St.
16390710 3695,1-389-543-1359,Mrs.,Media Relations,Caesar Hyde,commodo@sitamet.edu,et.netus@tinciduntDonec.co.uk,"P.O. Box 772, 9723 Lacus Avenue","P.O. Box 771, 4180 Justo Avenue"
16680407 4588,1-999-630-9016,Mr.,Finances,Uriah Ferrell,dolor@neceleifendnon.co.uk,magna@nonhendrerit.org,6389 Nisi Road,"P.O. Box 681, 918 Ut, Av."
16910901 2501,1-204-476-1940,Dr.,Asset Management,Jelani Sears,erat.Etiam@rutrumurnanec.net,sem.ut@Curabiturvel.co.uk,108-7156 Nibh. Ave,790-4325 Dictum. St.
16450604 1906,1-526-115-7822,,Quality Assurance,Gavin Cardenas,nisi.magna@pedenec.edu,fringilla.Donec.feugiat@Sed.com,"P.O. Box 357, 5895 Nonummy Road",Ap #613-3150 Per St.
16290911 5749,1-959-385-3498,Mr.,Customer Relations,Bevis Sparks,Donec.est@vulputate.co.uk,nec.ante.blandit@atvelitCras.co.uk,8097 Libero. Ave,"9841 Nec, Ave"
16320401 7465,1-281-719-3985,Ms.,Payroll,Holmes Salazar,dolor@malesuada.edu,et@Curabituregestasnunc.net,"P.O. Box 744, 4750 Bibendum Rd.",1966 Turpis. Rd.
16371104 9159,1-896-470-9549,,Payroll,Joseph York,mauris.eu.elit@Fuscealiquam.net,pellentesque@purus.edu,Ap #171-3148 Semper Street,Ap #196-1449 Aliquam Rd.
16901005 2091,1-727-864-3130,,Accounting,Abraham Macias,egestas.ligula@nunc.edu,vel@Duisami.org,Ap #185-9295 Orci Avenue,371-3165 Condimentum Avenue
16670730 0163,1-642-725-0141,Dr.,Sales and Marketing,Tanek Aguirre,interdum@blanditcongue.org,Pellentesque.habitant@arcuVestibulumante.ca,953-5494 Sem St.,428-475 Arcu Rd.
16960523 7271,1-899-336-4530,Mr.,Tech Support,Howard Ashley,dignissim@Nuncuterat.net,imperdiet.dictum.magna@magnisdisparturient.co.uk,Ap #687-2279 A Ave,"P.O. Box 838, 8774 Tincidunt Avenue"
16100114 1280,1-739-385-6959,Mr.,Tech Support,Oleg England,lorem@tincidunt.net,metus.In@risusDuis.ca,1494 Mus. Rd.,"P.O. Box 456, 2837 Ultrices Ave"
16990308 4128,1-620-437-1509,Ms.,Asset Management,Ezra Valdez,penatibus.et.magnis@viverraDonec.net,egestas@et.com,Ap #562-5361 Auctor St.,"Ap #334-187 Eu, Rd."
16020519 7825,1-275-168-7169,Mrs.,Human Resources,Abdul Chan,malesuada@Donec.co.uk,malesuada.augue@semperetlacinia.com,309-2567 Volutpat. St.,838-3054 Id Rd.
16750221 3411,1-528-874-9713,Mr.,Payroll,Ezekiel Cooke,Morbi.neque@aliquet.co.uk,augue.porttitor.interdum@ametmassa.edu,960-512 Rutrum Ave,8275 At Street
16311001 8391,1-845-126-2391,Mrs.,Media Relations,Warren Clark,vehicula.Pellentesque@risusDonecegestas.org,sodales@velitdui.net,Ap #612-2725 Donec Rd.,"Ap #101-7075 In, St."
16810227 5750,1-662-807-5652,Mrs.,Advertising,Mark Knapp,dui@NullamenimSed.org,ac.ipsum.Phasellus@aodiosemper.com,135-5631 Nisl. Rd.,207-4756 Egestas Street
16281210 3097,1-187-958-4026,Mr.,Finances,Buckminster Vinson,malesuada@dignissimmagna.co.uk,vitae.orci.Phasellus@Inscelerisquescelerisque.ca,"158-5885 Et, Avenue","5241 Urna, Avenue"
16030407 6599,1-692-235-4996,,Finances,Tad Pope,tortor.Integer@convallis.edu,eleifend.Cras@ametdiameu.net,"P.O. Box 706, 8296 Vel, St.","8578 Purus, Street"
16720917 4742,1-280-992-3154,,Research and Development,Hasad Fletcher,dui.Cras@nunc.com,cursus.non@Namtempor.edu,3436 Turpis. Ave,6177 Vestibulum. Road
16700502 3291,1-708-559-1255,Mrs.,Tech Support,Ross Lloyd,ante.lectus.convallis@ettristique.edu,dictum.sapien.Aenean@urna.org,"P.O. Box 933, 6880 Congue, Rd.",Ap #861-8298 Varius Avenue
16290422 2698,1-822-624-0317,Dr.,Research and Development,Samuel Koch,cubilia.Curae@ligulaDonecluctus.net,morbi@suscipitest.ca,Ap #483-9405 Imperdiet Street,"P.O. Box 143, 3084 Quisque Avenue"
16520725 6503,1-250-864-4986,Ms.,Research and Development,Marsden Bryant,mollis@orciinconsequat.co.uk,est.mauris.rhoncus@Praesent.com,509-4150 Aliquet. Street,538-2024 Curabitur Street
16860309 5194,1-278-817-4224,Ms.,Tech Support,Wylie Cochran,diam.nunc@lectuspedeultrices.net,placerat.orci.lacus@nuncsed.co.uk,"9889 Elit, Av.",499-6722 Dui St.
16921023 9860,1-983-399-8238,Ms.,Accounting,Hoyt Franks,quis.lectus.Nullam@blanditNamnulla.edu,volutpat.ornare.facilisis@aliquamiaculislacus.com,Ap #206-5201 Non Rd.,971-1823 Eros. Rd.
16591001 2185,1-402-852-7747,Dr.,Research and Development,Callum Arnold,laoreet.libero.et@nonmassanon.net,interdum.libero@placerat.edu,Ap #579-7660 Dictum St.,349-5685 Vitae Avenue