facultyid,phonenumber,title,degreecollege,fullname,email,fulladdress,orderid
20532897,"16160710 3080",Mr.,Advertising,"Piper Levine",vulputate@velitPellentesqueultricies.ca,"933-2640 Pede Ave",11771158
43569515,"16510820 5369",Dr.,"Tech Support","Edward Glenn",Nunc.ac@Inmipede.edu,"5191 Dui. Avenue",9126332
41846562,"16120825 3565",Ms.,Accounting,"Breanna Bradley",molestie.arcu@euultrices.edu,"459-9390 Fames Rd.",9420604
54932393,"16050607 0895",Dr.,"Sales and Marketing","Aaron Lee",enim@ridiculusmus.net,"Ap #345-8042 Arcu. Avenue",2230967
69643362,"16790326 0649",Dr.,"Asset Management","Ciara Castro",lacinia.vitae.sodales@ipsum.ca,"P.O. Box 198, 7103 Mattis Rd.",2205636
50723923,"16590510 8899",Mrs.,Finances,"Zachery Kirk",ut.odio@etcommodo.com,"712-3139 Pretium St.",1185189
39027029,"16251112 0285",Ms.,Finances,"Rhona Hutchinson",Curabitur.egestas.nunc@Quisque.ca,"P.O. Box 321, 8213 Dolor St.",2832176
4424299,"16390123 9891",Mrs.,"Quality Assurance","Nolan Pope",amet.luctus.vulputate@dolordolor.net,"5473 Mauris Street",4900322
46687984,"16350112 3677",,"Asset Management","Chastity Stevenson",metus.Vivamus.euismod@id.ca,"515 Pellentesque Rd.",1494482
22012548,"16361223 8083",Mrs.,Advertising,"Xavier Skinner",mattis.Integer.eu@nibhAliquam.co.uk,"Ap #216-3710 Dui. St.",2118167
51628826,"16350516 9361",Dr.,"Legal Department","Charity Mathis",risus@erat.edu,"763-5733 Fermentum Av.",7663460
61136547,"16590115 0754",,"Customer Relations","Dieter Burns",dolor.dolor.tempus@nullavulputate.org,"P.O. Box 102, 5468 Libero Rd.",2563066
57901704,"16080703 6355",Dr.,"Human Resources","Ashely Lester",erat@convallis.com,"795 Etiam St.",7762941
68583832,"16961214 8339",,"Human Resources","Kiara Sawyer",Aliquam@Nuncmauriselit.net,"145-6958 Non, St.",1641630
68845091,"16371001 5987",Ms.,"Asset Management","Prescott Forbes",felis.purus.ac@sitametconsectetuer.co.uk,"Ap #435-6023 Nascetur Street",7443408
19366273,"16290412 1205",Mrs.,"Human Resources","August Farmer",Phasellus.at@Craslorem.net,"Ap #530-6122 Fusce St.",1806045
26127647,"16540425 7767",,"Sales and Marketing","Deirdre Green",enim.diam.vel@tellusAeneanegestas.org,"Ap #446-7834 Sapien Rd.",10759073
46392240,"16140318 2015",Mrs.,"Research and Development","Audra Aguirre",cursus.et@semper.net,"5860 Egestas, Av.",7919120
77118086,"16821115 5422",,"Tech Support","Ronan Hoffman",sagittis.Duis.gravida@consectetuer.com,"496-3116 Commodo St.",5899493
43211270,"16080925 2828",Dr.,Accounting,"Cyrus Maldonado",rutrum@elitelitfermentum.net,"2500 Enim. Street",6297638
44160180,"16631220 4644",Mrs.,Payroll,"Aiko Simpson",augue@laoreetipsumCurabitur.edu,"P.O. Box 679, 7867 Pellentesque Ave",7868981
12569594,"16960607 9102",Dr.,"Media Relations","Jack Leblanc",posuere@amet.org,"Ap #135-5661 Tristique Rd.",7355767
63502658,"16971113 0923",Ms.,"Media Relations","Quon Bonner",elementum@intempus.edu,"6965 Integer Rd.",7715526
29290116,"16920108 4259",Mr.,"Legal Department","Malik Shelton",gravida.Praesent@elitafeugiat.co.uk,"4539 Praesent Avenue",3884395
73033833,"16980428 8711",,"Public Relations","Sharon Rice",Sed@convallis.ca,"9954 Egestas Av.",11431499
27869018,"16451219 3931",Mrs.,"Research and Development","Abraham Sawyer",est.ac@Proinvelit.com,"3054 Consequat Road",3092212
21015713,"16290524 7926",,Accounting,"Basia Mcdaniel",non.bibendum.sed@Quisqueporttitor.co.uk,"P.O. Box 844, 3955 Ac Ave",6049761
29688332,"16730420 9682",Ms.,"Human Resources","Rudyard Mills",Integer.sem.elit@lacus.edu,"Ap #416-7026 Amet Street",5605620
1759824,"16340711 8797",Ms.,"Legal Department","Rachel Rush",metus.Aliquam@justoProin.net,"4197 Enim, Road",1092134
19329603,"16500902 6435",,Payroll,"Ivor Rodgers",nec.orci@acturpisegestas.com,"5942 Enim. Av.",10363427
43435236,"16040919 3836",Ms.,Payroll,"Noelani Ford",non.cursus@Vestibulumuteros.ca,"P.O. Box 128, 5629 Quis Street",9703903
75344165,"16780104 9904",Mr.,Payroll,"Gillian Gallegos",aliquet.sem@Nunc.net,"9089 Nullam Rd.",1799256
35844583,"16980613 0598",Dr.,"Sales and Marketing","Perry Mann",ipsum.leo.elementum@Praesent.edu,"P.O. Box 849, 5202 Nec Street",3346738
53483978,"16420505 6213",,Finances,"Armand Chang",et.rutrum@noncursusnon.edu,"398-7896 Nam Avenue",5260821
19563905,"16900521 9408",Mrs.,"Research and Development","Ronan Ashley",sapien.molestie@ipsumdolor.org,"Ap #588-6505 Nam Rd.",3987102
19987054,"16770927 2434",,"Public Relations","Ryder Randall",lectus.convallis@faucibusorci.ca,"P.O. Box 810, 1197 Ornare, St.",2831273
77821205,"16470719 8208",,Advertising,"Astra Robertson",pharetra.Nam.ac@pede.net,"850-2920 Ullamcorper, St.",3789650
20407690,"16200620 3109",Dr.,"Customer Relations","Mannix Weber",malesuada.malesuada@ultricies.co.uk,"Ap #722-7180 Vitae Av.",2895954
45534488,"16070616 3698",,Payroll,"Dante Willis",blandit.at@amet.ca,"Ap #741-7972 Ornare, Avenue",4015573
1693527,"16830917 1224",,Payroll,"Blair Perez",mollis.nec@nonnisi.org,"Ap #416-6332 Nunc St.",1058281
70432706,"16280118 1906",Ms.,"Research and Development","Nathan Richmond",mauris.sagittis.placerat@Crasvehiculaaliquet.org,"965-9374 Non Rd.",4829852
1898354,"16150503 1441",,"Tech Support","Barrett Guy",quam.Pellentesque@dis.com,"P.O. Box 730, 9317 Tempor St.",11752570
76366842,"16500415 7896",Mr.,"Public Relations","Yael Peck",Duis.risus.odio@fermentumarcuVestibulum.net,"8336 Ante, Ave",10631053
33725838,"16360618 5704",,Accounting,"Magee Jacobson",mauris@dictum.co.uk,"216-7033 Augue. St.",2958708
60842201,"16400112 3902",Dr.,Accounting,"Brandon Bryant",leo.Morbi@euodio.net,"P.O. Box 982, 5040 A, Av.",2237958
67867621,"16660305 3528",Mrs.,Accounting,"Rosalyn Osborne",sagittis.Nullam@fringillaornareplacerat.co.uk,"P.O. Box 798, 5735 Magna. Avenue",11881507
30311843,"16280225 4546",Ms.,"Public Relations","Brenda Cole",facilisi@Inscelerisquescelerisque.org,"3646 Vitae Street",7720703
29957616,"16490215 2216",Mr.,Advertising,"Amy Stevens",rhoncus.Proin.nisl@gravidaAliquamtincidunt.co.uk,"Ap #980-3606 Id, Street",4659880
62583350,"16191007 4937",,"Asset Management","Tiger Gibbs",felis.Donec.tempor@semperrutrum.net,"5725 Proin Av.",2153050
22510489,"16650402 7746",Dr.,"Asset Management","Deanna Russell",dictum.ultricies@condimentumegetvolutpat.ca,"294-9718 Turpis. Rd.",4637007
8259020,"16300316 9640",,"Legal Department","Wyoming Harvey",vel.turpis.Aliquam@Cum.co.uk,"7038 Ligula. Rd.",1446851
71538099,"16220320 6509",Ms.,"Asset Management","Christopher Kirk",penatibus@infaucibusorci.org,"2953 Parturient St.",5130585
11986298,"16440230 1230",,Finances,"Blythe Roach",Mauris@sedleoCras.com,"Ap #444-4208 Justo. St.",1027771
9082717,"16190629 3020",Mrs.,"Public Relations","Tara Henderson",nec@turpisAliquamadipiscing.ca,"P.O. Box 717, 4709 Dignissim Rd.",6029654
14157301,"16280118 3647",Mrs.,"Asset Management","Neve Gomez",tristique.neque.venenatis@litora.co.uk,"P.O. Box 143, 7250 Cursus, Rd.",10022018
38141173,"16030825 4481",,"Tech Support","Alfonso White",egestas@volutpatornarefacilisis.org,"P.O. Box 684, 907 Pharetra St.",4816423
68900450,"16050715 5737",Dr.,"Sales and Marketing","Chaney Matthews",rutrum@sed.ca,"3375 Lorem Rd.",8903534
8604432,"16670215 1553",,Finances,"Kiayada Camacho",nulla@ullamcorper.co.uk,"8344 Orci, Ave",3386318
26957330,"16740630 4944",Ms.,"Tech Support","Brenden Kramer",eu@scelerisquedui.co.uk,"398-9750 Lacinia Av.",8254429
1909981,"16930222 2576",Mr.,"Human Resources","Charles Arnold",feugiat.tellus.lorem@turpisnecmauris.ca,"P.O. Box 487, 7989 Ut Rd.",9239187
77860365,"16730503 3487",,"Tech Support","Levi Pearson",suscipit.est.ac@in.co.uk,"Ap #882-8471 Tellus Ave",6310512
28647814,"16910227 2920",Ms.,"Tech Support","Tate Cortez",convallis.in.cursus@Crasvehicula.edu,"P.O. Box 323, 822 Vestibulum Rd.",10623168
76936428,"16180703 5454",Mrs.,"Legal Department","Vivian Ayala",sagittis@pharetra.com,"P.O. Box 423, 3986 Magna. Street",6112980
20132503,"16951015 1161",Mrs.,Payroll,"Georgia Mckay",sodales@adipiscing.com,"9874 Bibendum Av.",6512047
19668300,"16060326 3229",Mr.,"Public Relations","Amery Fields",luctus.lobortis.Class@morbitristique.org,"Ap #428-1792 Molestie. Rd.",1524477
58249071,"16490925 2407",Ms.,Advertising,"Leilani Graves",urna.justo@eros.com,"Ap #952-2407 Felis Av.",11595664
66044287,"16660921 6103",,"Tech Support","Austin Trujillo",Integer.id@necligula.net,"6373 Massa. Rd.",4584859
43511237,"16640317 1827",Ms.,"Media Relations","Colin Case",eget.nisi.dictum@miacmattis.org,"P.O. Box 102, 7996 Urna. Av.",9036525
28283352,"16441002 6530",Ms.,"Human Resources","Margaret Bond",felis@Suspendisse.co.uk,"132-517 Nulla St.",4413234
55999737,"16490108 6019",Mr.,Advertising,"Jermaine Benson",Donec@aliquet.co.uk,"P.O. Box 193, 1205 Augue St.",7632755
20719600,"16960927 6317",Mrs.,"Media Relations","Yasir Wiley",fringilla.Donec@Nullamvelitdui.co.uk,"687-3109 Proin St.",2920226
34728802,"16411129 3264",Mrs.,"Research and Development","Flavia Mcintosh",a@estac.edu,"6245 Dictum Street",7636495
4146905,"16290504 9264",Ms.,"Customer Service","Christian Levy",felis.adipiscing.fringilla@Aenean.ca,"976-220 Convallis Rd.",10011925
73604279,"16610710 4116",Ms.,"Asset Management","Ursa Morgan",ac.mattis.velit@Curabitur.com,"Ap #429-7467 Neque Rd.",11308983
79702752,"16461106 9784",,"Human Resources","Oliver Nelson",fermentum@nuncrisusvarius.edu,"Ap #426-6559 Feugiat. Avenue",4507560
9688317,"16490118 2529",,"Human Resources","Jameson Hewitt",eget.volutpat.ornare@torquentper.net,"739-164 Nonummy Road",2007526
62358517,"16340623 0742",Ms.,Accounting,"Hashim Preston",velit.dui.semper@volutpatNulladignissim.org,"2941 Sed Avenue",11509475
45818210,"16611022 0917",,"Tech Support","Marshall Cohen",velit@felisorci.org,"7312 Sollicitudin Rd.",2176325
13241638,"16461229 7186",Ms.,Finances,"Camille Salas",a.malesuada.id@dolor.edu,"P.O. Box 619, 1339 Lorem Road",4892802
3138951,"16580926 6769",Dr.,Payroll,"Jason Cantu",adipiscing.elit.Aliquam@commodoauctor.ca,"P.O. Box 182, 7071 Elit, Rd.",11724733
46569064,"16641205 5227",,"Legal Department","Mechelle Howell",vitae@commodohendreritDonec.org,"2815 Curabitur Road",3638518
46877417,"16791216 0319",Mrs.,Advertising,"Orson Wood",purus.in@ultricesaauctor.ca,"Ap #510-4094 Integer Avenue",10765251
28244101,"16380317 6449",,Payroll,"Hiram Hanson",elit@nislsemconsequat.co.uk,"Ap #155-3217 Dolor. Av.",8621793
42707027,"16831027 6624",Mr.,"Legal Department","Ursula Mcpherson",semper.dui.lectus@magna.ca,"4956 Aliquam St.",5605487
13974740,"16690722 4288",,"Asset Management","Eliana House",ornare@duinec.org,"Ap #233-8556 Enim. Ave",2958145
10082036,"16100717 9730",Mrs.,"Asset Management","Linda Good",viverra@Nunc.co.uk,"P.O. Box 151, 9475 Donec St.",6989745
40302752,"16161219 4736",,Advertising,"Signe Pate",eget@rhoncus.co.uk,"P.O. Box 747, 4797 Dictum Rd.",10469714
77689972,"16890910 2157",Mr.,Finances,"Gil Trevino",ut@Inornaresagittis.net,"1445 Est St.",9592283
9901089,"16360430 4695",Dr.,"Tech Support","Evan Thomas",dolor.Donec@tincidunttempusrisus.net,"115-2506 Amet, Rd.",2265240
70469280,"16600223 8738",,"Human Resources","Mary Gilbert",at@Nunc.ca,"P.O. Box 665, 2968 Lorem, Road",1249247
9993647,"16230917 4205",,Accounting,"Ainsley Mccray",hymenaeos.Mauris.ut@ut.com,"465-5364 Arcu. Street",7447968
31988,"16921015 1453",Mr.,"Tech Support","Tatyana Hodge",eu.placerat.eget@Aliquam.ca,"682-9209 Est Rd.",6347912
45491125,"16070320 2341",,"Quality Assurance","Rebekah White",cursus.purus@acarcuNunc.net,"786-8429 Vivamus Rd.",6161520
8494782,"16060903 0333",Dr.,"Asset Management","Lydia Langley",vel@ataugue.net,"P.O. Box 138, 8382 Eleifend. Ave",5732289
29238191,"16611017 1730",Ms.,"Legal Department","Charde Petty",amet.ante@amet.org,"P.O. Box 598, 5366 Pellentesque St.",1577512
66973404,"16450305 8010",Mr.,"Customer Relations","Tatum Hunt",augue.eu.tellus@turpisvitaepurus.ca,"457-2301 Malesuada Av.",5123226
17478685,"16710208 3735",Mr.,"Asset Management","Quintessa Gamble",mauris.erat.eget@nullaIntegervulputate.co.uk,"P.O. Box 353, 5777 Rutrum Rd.",10735358
45651550,"16981014 3660",Mr.,"Public Relations","Aphrodite Salas",Duis@Aeneaneuismod.org,"Ap #964-4116 Sit Street",4418104
70212607,"16030211 2024",Mr.,"Customer Service","Rhoda Parrish",lacus@facilisi.org,"Ap #597-9415 Suspendisse Road",7463040
48563590,"16630402 1840",,"Customer Relations","Steven Best",Mauris.vestibulum@lacinia.co.uk,"Ap #582-5879 Dui Avenue",4169036
