staffid,position,adminYorN,phonenumber,email,orderID,fulladdress,locationData_fulladdress
9089768,Research and Development,Y,16810901 2669,gravida.sagittis@venenatislacusEtiam.ca,8065951,5852 Ut Road,7720 Eleifend Street
7999074,Customer Service,N,16620811 3362,Proin@mus.edu,8431655,7451 Metus Rd.,3939 Malesuada Rd.
8900281,Quality Assurance,N,16280608 1325,lectus.Cum.sociis@ornarelectus.ca,4850264,"P.O. Box 344, 365 Sem, Avenue",3352 Elit Ave
7962043,Tech Support,N,16161021 6176,at@quis.edu,3364310,2499 Nisl Road,Ap #203-242 Proin Avenue
2112198,Customer Service,Y,16970416 4798,elementum.lorem@Duisdignissimtempor.co.uk,2639991,8732 Natoque Road,Ap #318-4516 Nunc St.
9606713,Human Resources,Y,16380326 6604,diam.vel.arcu@facilisis.org,8040654,147-9970 Dictum Av.,Ap #587-7033 Erat Road
8055619,Legal Department,Y,16560516 8938,eleifend@Crasvulputatevelit.org,2325134,Ap #557-1136 Tempus Street,424-4725 Ipsum St.
5567360,Tech Support,N,16630120 5370,ultrices.posuere@vitaeodiosagittis.com,3579143,Ap #668-470 Non Av.,"P.O. Box 957, 3498 Libero Rd."
3271566,Media Relations,N,16200110 5523,tellus.Aenean.egestas@molestie.com,1772506,425-1558 Nunc Av.,4631 Quisque St.
9825787,Human Resources,N,16850116 0595,suscipit.nonummy.Fusce@metusIn.ca,8586880,Ap #378-4637 Nunc St.,307-7920 Nibh Rd.
4591733,Advertising,Y,16731220 4600,non@feugiatplaceratvelit.edu,2993735,686-3014 Mauris St.,Ap #838-680 Dignissim St.
1328942,Public Relations,N,16410330 9870,lacus.Quisque.imperdiet@placerat.com,4700325,Ap #463-5005 Egestas. Rd.,"P.O. Box 124, 6908 Et St."
2356217,Payroll,N,16230505 7180,nec.enim.Nunc@risus.com,2481853,232-6084 Lobortis Road,274-7164 Mi Ave
9252498,Finances,Y,16181226 1061,commodo@antebibendum.com,5792610,Ap #195-9355 Nulla St.,9474 Erat. St.
6079330,Accounting,Y,16210805 6694,elementum.sem@Sed.com,3421098,857 Magna. Rd.,"P.O. Box 175, 2634 Molestie Ave"
2665105,Payroll,N,16240330 6166,imperdiet.nec.leo@vulputateeu.ca,6779323,819 Quis Road,"8507 Sem, Street"
4127366,Finances,Y,16641028 7475,iaculis.nec.eleifend@Nullamvitae.ca,1210020,1718 Nec St.,"P.O. Box 278, 3535 Et Avenue"
3922243,Asset Management,N,16921001 1301,nisi.dictum@felisullamcorperviverra.org,4737787,5211 Quisque St.,312-2127 Fringilla Av.
2499913,Asset Management,N,16030204 3690,in@ante.com,8800226,913-2397 Tortor. Avenue,Ap #287-7685 Sagittis St.
7228411,Media Relations,N,16070729 1258,et.arcu@urnanec.com,2151980,"P.O. Box 537, 3043 Egestas Road","P.O. Box 809, 7038 Malesuada. Ave"
7628833,Tech Support,N,16300321 2309,sapien.Cras.dolor@lectuspedeultrices.com,2064751,"P.O. Box 431, 7830 Nisl. Av.","P.O. Box 448, 4914 Nulla Rd."
8994563,Customer Service,Y,16091222 9580,faucibus.orci.luctus@rhoncusProin.co.uk,6041593,"P.O. Box 284, 8199 Convallis St.",159-7460 Eget Avenue
4312949,Advertising,N,16370112 4913,nunc.Quisque.ornare@orciDonecnibh.ca,6548127,Ap #185-5493 Ut Rd.,143-9829 Penatibus Av.
2987024,Payroll,N,16250511 7909,eu.odio.tristique@velsapien.co.uk,1648860,Ap #687-2983 Vestibulum Street,614-7934 Risus. St.
2117065,Public Relations,Y,16930429 1140,eleifend@Phaselluselitpede.co.uk,1721906,1735 Rhoncus. Rd.,6357 Tempus Rd.
2408825,Quality Assurance,N,16630522 0086,a.sollicitudin.orci@estmaurisrhoncus.net,6514549,6548 Hendrerit Rd.,"P.O. Box 817, 8146 Quisque Rd."
1179452,Accounting,N,16911203 4815,Sed.dictum@ipsumsodalespurus.net,2608630,Ap #666-6226 Integer Road,Ap #449-4914 Vel Rd.
8403900,Research and Development,Y,16771202 1927,eu@NullamnislMaecenas.edu,5554133,"P.O. Box 623, 9596 At, Road",1203 Tellus St.
9104449,Human Resources,N,16490127 5927,congue@quistristiqueac.com,2245755,107-9095 Egestas Ave,2276 Nonummy Street
2345957,Quality Assurance,N,16240703 0168,Sed.eget@lacuspedesagittis.com,2038256,Ap #752-6163 Amet Road,9400 Id Rd.
6457803,Advertising,N,16400201 2435,dignissim.pharetra.Nam@tinciduntorciquis.org,5625034,981-9940 Enim St.,362-2289 Id Road
3348942,Quality Assurance,Y,16730411 4544,primis@diamatpretium.edu,2170672,"P.O. Box 379, 2847 Molestie Avenue",671-6289 Duis Rd.
5061135,Finances,Y,16040213 9240,vitae.aliquam@augue.net,9828251,4720 Orci. Rd.,"8856 Montes, Street"
7143944,Payroll,N,16980919 7396,Integer.mollis.Integer@volutpatNulla.net,2598623,5548 Neque Av.,"2881 Posuere, Street"
1163723,Payroll,Y,16121019 2389,pellentesque@lacus.org,2846828,Ap #301-2931 Felis St.,389-4506 Tortor. Street
8618400,Human Resources,Y,16320730 4639,Suspendisse.commodo@vitaesodalesnisi.co.uk,8304950,Ap #666-3650 Fringilla Avenue,Ap #245-8125 Commodo Road
7956390,Sales and Marketing,Y,16840618 3528,Ut.tincidunt.orci@Phasellusliberomauris.com,1247946,7938 Fermentum Av.,"Ap #490-4429 Tempor, Ave"
6109837,Sales and Marketing,N,16351111 6844,Integer@primisinfaucibus.edu,1708265,Ap #811-8070 Purus St.,8014 Pulvinar Street
3439319,Payroll,N,16140211 1171,mauris.eu.elit@ridiculusmus.com,7187078,Ap #614-2517 Curabitur St.,715-9715 Metus. Rd.
2233327,Legal Department,N,16250626 0401,nunc@dictum.edu,5266552,7199 Suspendisse Avenue,"P.O. Box 555, 8057 Et Street"
1924727,Payroll,N,16991020 5153,lacinia.at@lectusquismassa.co.uk,2260930,"2501 Mauris, Road","P.O. Box 984, 4390 Tincidunt St."
1504767,Sales and Marketing,Y,16700118 6878,semper.cursus@Donecelementumlorem.ca,5121522,Ap #252-840 Dictum St.,5205 Enim. Rd.
8962549,Public Relations,Y,16680912 6276,adipiscing.ligula@egetlacusMauris.co.uk,4177878,735-9787 Neque Av.,Ap #534-4627 Dolor Avenue
1590436,Quality Assurance,N,16591227 4445,a.sollicitudin.orci@diam.ca,1713582,913-1346 Elit Avenue,5084 Dui St.
9367325,Research and Development,N,16491017 3659,rutrum.eu@interdum.org,1114914,"P.O. Box 189, 8695 Facilisis St.",642-1799 Dapibus Street
6172535,Research and Development,Y,16180811 2971,ultricies@ullamcorpervelitin.net,1701709,6641 Erat Av.,"514-5098 Montes, Rd."
9826604,Payroll,Y,16570310 2474,nisl@Cumsociis.ca,8334185,3246 Consectetuer St.,"P.O. Box 486, 1188 Mauris St."
7372945,Advertising,Y,16291012 6354,at.pretium.aliquet@aliquetProin.ca,9198123,718-5046 Morbi Rd.,796-8989 Aliquet St.
7955536,Media Relations,Y,16210523 9293,feugiat@risusodioauctor.com,7100690,Ap #425-7550 Mi Rd.,Ap #127-9526 Hendrerit Rd.
4408035,Sales and Marketing,Y,16210904 3956,sem.mollis@magnaLorem.net,3876465,268-7070 Sit Av.,"Ap #860-8906 Vel, Av."
1958762,Asset Management,Y,16920401 1226,magnis@mieleifend.ca,6034555,Ap #814-2916 Nunc Av.,9689 Placerat Av.
1396883,Legal Department,N,16310523 5265,Duis.risus@In.ca,6433507,"156-4348 At, Ave",656-2113 Pellentesque St.
8922513,Tech Support,Y,16090316 4879,ullamcorper@rutrumnon.ca,9036045,316-1910 Semper St.,"P.O. Box 931, 6478 Phasellus Avenue"
5902545,Public Relations,Y,16410223 4871,nec.tellus@commodoauctor.ca,6776331,9313 Sagittis. Street,"P.O. Box 392, 9745 Sed Rd."
5613416,Research and Development,N,16780518 0333,fermentum@diameudolor.edu,8738395,"2188 Luctus, Av.",Ap #830-4136 Suspendisse Road
6129398,Payroll,N,16990910 6412,leo.Morbi@maurisaliquameu.com,8377462,8072 Turpis. Av.,"724-1613 Eu, Ave"
1918380,Finances,Y,16490526 6864,tristique@ultricesiaculis.ca,6590410,552-333 Dis Rd.,Ap #317-3343 Semper Av.
9914893,Tech Support,N,16460513 3240,non.lobortis.quis@cubiliaCurae.edu,3087064,4731 Ultricies Street,Ap #761-6270 Fermentum Ave
2286674,Asset Management,Y,16940314 8571,eu@ornaresagittis.edu,5320962,539-3907 Hymenaeos. Road,"P.O. Box 421, 8391 Eu, Ave"
7820090,Research and Development,N,16581220 6240,egestas@facilisisvitae.com,8595712,Ap #539-3008 Turpis Rd.,301-3136 Curabitur Avenue
3357707,Public Relations,Y,16880718 8662,pretium.et.rutrum@magna.co.uk,5639212,898-2775 Ut Ave,Ap #500-4082 Lacus. Road
9703612,Customer Relations,Y,16510921 0756,dictum.ultricies.ligula@lorem.co.uk,9658415,6150 Et Street,"Ap #156-6710 Elit, Rd."
6355023,Accounting,N,16440130 5125,tincidunt.tempus.risus@imperdietornare.com,4389113,Ap #587-5006 Sed St.,"Ap #553-5503 Pellentesque, Rd."
2997078,Advertising,Y,16531228 5587,aliquam@adipiscingfringilla.edu,2686473,541-766 Amet Rd.,"6508 Non, Av."
5129571,Human Resources,N,16330917 9012,bibendum.ullamcorper@feugiattellus.edu,6673907,898-8059 Et Road,"P.O. Box 492, 6146 Phasellus Av."
6505497,Research and Development,N,16970816 5882,vitae.erat.Vivamus@antelectus.ca,2145913,953-7054 Tincidunt Road,Ap #692-956 Aliquam Street
4404647,Legal Department,N,16730617 9024,tempor.lorem@ac.edu,4796016,914-6743 Sem Street,Ap #865-2430 Sit St.
1659027,Legal Department,Y,16230208 3635,eu@fringillacursuspurus.ca,4343726,Ap #883-699 Mi. Ave,Ap #827-1350 Nunc St.
9393519,Legal Department,Y,16520408 3637,imperdiet.nec@tinciduntpedeac.com,7267320,"2800 Fringilla, St.",3020 Mauris St.
8516939,Research and Development,N,16030201 5227,Donec.tincidunt.Donec@placeratorcilacus.edu,4651583,1723 Curabitur St.,2127 Commodo Ave
9279042,Tech Support,N,16190821 4156,eros.nec@Cras.net,1363363,666-4467 Turpis. Avenue,Ap #148-3561 Sit St.
4014588,Payroll,Y,16460824 9274,Integer.urna.Vivamus@Donec.net,2025170,Ap #954-809 Sit Street,559-5984 Magna. St.
6217462,Finances,N,16400730 0942,convallis@nulla.net,5777169,851-8123 Enim St.,"9800 Quis, Rd."
5085054,Media Relations,N,16090501 8370,blandit.enim.consequat@orciinconsequat.net,3190927,"P.O. Box 888, 1238 Eget Street","P.O. Box 322, 9825 Sem Road"
8698535,Media Relations,Y,16870910 4387,mattis.Cras.eget@ligulaAliquam.org,7228393,7612 Risus. St.,Ap #332-7506 Nunc Av.
7343695,Customer Service,N,16071104 0766,eros.Proin.ultrices@mifringilla.org,1766516,"6957 Id, Road",307-8456 Dolor Avenue
5175478,Customer Service,Y,16750715 1426,at.pretium@sagittis.ca,4294190,Ap #428-1618 Mattis St.,590-4512 Nec Ave
8150365,Advertising,N,16850514 2979,tristique.aliquet@ProinultricesDuis.ca,5148507,Ap #197-2077 Nulla Rd.,Ap #865-904 Faucibus Av.
3614541,Human Resources,N,16840530 6898,vitae.orci@cursus.co.uk,9881371,7752 Pede Road,"P.O. Box 611, 8683 Eros St."
4779899,Advertising,N,16600414 8430,Vivamus.sit.amet@eratvitaerisus.edu,5108382,1549 Diam Ave,"P.O. Box 641, 9599 Mauris Rd."
4442561,Tech Support,Y,16650430 0374,Lorem@feugiat.org,9304868,8149 Aliquet Avenue,7139 Donec St.
8803279,Accounting,N,16220903 4095,ligula.Nullam.enim@nectellus.edu,4947576,4198 Tellus Ave,"P.O. Box 464, 7060 Ipsum Ave"
5332864,Media Relations,N,16870729 8546,nec.enim.Nunc@neque.net,7055857,Ap #282-2161 Tellus Av.,833-1334 Integer Av.
2390844,Media Relations,N,16960414 6234,tristique.pharetra.Quisque@laoreetposuereenim.com,8853335,"Ap #418-2101 Erat, Rd.",2034 Ut Avenue
8516033,Tech Support,N,16390228 8079,sodales.at.velit@ante.co.uk,3621996,Ap #773-1913 Arcu. St.,Ap #765-8157 Cursus. Rd.
6099764,Human Resources,N,16680519 9160,arcu@gravidanuncsed.co.uk,6169005,"Ap #630-2851 Amet, Rd.","P.O. Box 311, 2499 Tincidunt Rd."
6396221,Tech Support,Y,16351025 4141,luctus@dapibusrutrumjusto.net,9039844,4643 Est Avenue,Ap #686-6522 Interdum. Avenue
2747570,Customer Relations,N,16781211 7484,Suspendisse.aliquet@portaelit.ca,1648425,"P.O. Box 634, 3909 Quis St.",Ap #761-4669 Aliquet Avenue
6069664,Customer Relations,Y,16140215 4676,tincidunt.aliquam.arcu@Fuscealiquamenim.net,5781893,"P.O. Box 273, 4977 Scelerisque Rd.","P.O. Box 714, 7804 Magna. Avenue"
9347978,Media Relations,Y,16070220 5030,dictum.magna@telluseu.co.uk,4784935,Ap #900-4202 Quis Road,6594 Scelerisque Ave
3843121,Research and Development,Y,16480220 9348,dictum.magna.Ut@consectetuer.ca,1779177,"736-4306 Quis, Street",295 Mattis Rd.
6873592,Sales and Marketing,Y,16940703 7127,arcu.ac.orci@sedpedenec.edu,5821292,"P.O. Box 669, 5075 Vulputate, Street","P.O. Box 682, 7250 Blandit Rd."
3160462,Payroll,N,16470612 5038,elit.a.feugiat@feugiat.co.uk,7172191,4427 Amet Rd.,470-2082 Erat Rd.
8390883,Legal Department,N,16390913 5117,per.inceptos.hymenaeos@sodales.co.uk,2108984,"Ap #669-2774 Risus, Av.","P.O. Box 237, 5672 Turpis. Rd."
1897605,Payroll,Y,16290924 2840,pede.blandit@uterat.net,7764443,"P.O. Box 912, 3828 Ipsum Ave","P.O. Box 135, 6715 Ut, St."
5369642,Human Resources,N,16020212 3428,tincidunt@enimmi.org,7975324,Ap #676-1852 Dictum Av.,"P.O. Box 973, 8610 Mauris Street"
8098506,Payroll,N,16450906 9532,in.lobortis@quisturpis.edu,3518070,Ap #411-2393 Nec Rd.,6526 Et St.
7868073,Customer Relations,Y,16250214 7891,turpis.egestas.Fusce@duiaugue.net,3208840,"P.O. Box 981, 6955 Ipsum. Ave","P.O. Box 984, 9581 Nulla. St."
9489969,Human Resources,Y,16560822 7848,dolor@lacus.com,4491121,Ap #749-155 Penatibus Avenue,"4024 A, St."
6962598,Quality Assurance,N,16791230 5591,in.faucibus@Vivamus.edu,9555328,"Ap #875-2924 Quis, Avenue",258-5865 Cras Road